train_id,train_name,station,arrival,departure
12001,Deccan Express 1,DELHI,--,06:00
12001,Deccan Express 1,BHOPAL,13:00,13:15
12001,Deccan Express 1,NAGPUR,17:45,18:00
12001,Deccan Express 1,PUNE,02:30,02:45
12001,Deccan Express 1,MUMBAI,06:45,--
12003,Deccan Express 2,DELHI,--,09:00
12003,Deccan Express 2,BHOPAL,16:00,16:15
12003,Deccan Express 2,NAGPUR,20:45,21:00
12003,Deccan Express 2,PUNE,05:30,05:45
12003,Deccan Express 2,MUMBAI,09:45,--
12005,Deccan Express 3,DELHI,--,12:00
12005,Deccan Express 3,BHOPAL,19:00,19:15
12005,Deccan Express 3,NAGPUR,23:45,00:00
12005,Deccan Express 3,PUNE,08:30,08:45
12005,Deccan Express 3,MUMBAI,12:45,--
12007,Deccan Express 4,DELHI,--,15:00
12007,Deccan Express 4,BHOPAL,22:00,22:15
12007,Deccan Express 4,NAGPUR,02:45,03:00
12007,Deccan Express 4,PUNE,11:30,11:45
12007,Deccan Express 4,MUMBAI,15:45,--
12009,Deccan Express 5,DELHI,--,18:00
12009,Deccan Express 5,BHOPAL,01:00,01:15
12009,Deccan Express 5,NAGPUR,05:45,06:00
12009,Deccan Express 5,PUNE,14:30,14:45
12009,Deccan Express 5,MUMBAI,18:45,--
12011,Deccan Express 6,DELHI,--,21:00
12011,Deccan Express 6,BHOPAL,04:00,04:15
12011,Deccan Express 6,NAGPUR,08:45,09:00
12011,Deccan Express 6,PUNE,17:30,17:45
12011,Deccan Express 6,MUMBAI,21:45,--
12013,Deccan Express 7,DELHI,--,00:00
12013,Deccan Express 7,BHOPAL,07:00,07:15
12013,Deccan Express 7,NAGPUR,11:45,12:00
12013,Deccan Express 7,PUNE,20:30,20:45
12013,Deccan Express 7,MUMBAI,00:45,--
12015,Deccan Express 8,DELHI,--,03:00
12015,Deccan Express 8,BHOPAL,10:00,10:15
12015,Deccan Express 8,NAGPUR,14:45,15:00
12015,Deccan Express 8,PUNE,23:30,23:45
12015,Deccan Express 8,MUMBAI,03:45,--
102001,Deccan Express Ret 1,MUMBAI,--,15:00
102001,Deccan Express Ret 1,PUNE,19:00,19:15
102001,Deccan Express Ret 1,NAGPUR,03:45,04:00
102001,Deccan Express Ret 1,BHOPAL,08:30,08:45
102001,Deccan Express Ret 1,DELHI,15:45,--
102003,Deccan Express Ret 2,MUMBAI,--,18:00
102003,Deccan Express Ret 2,PUNE,22:00,22:15
102003,Deccan Express Ret 2,NAGPUR,06:45,07:00
102003,Deccan Express Ret 2,BHOPAL,11:30,11:45
102003,Deccan Express Ret 2,DELHI,18:45,--
102005,Deccan Express Ret 3,MUMBAI,--,21:00
102005,Deccan Express Ret 3,PUNE,01:00,01:15
102005,Deccan Express Ret 3,NAGPUR,09:45,10:00
102005,Deccan Express Ret 3,BHOPAL,14:30,14:45
102005,Deccan Express Ret 3,DELHI,21:45,--
102007,Deccan Express Ret 4,MUMBAI,--,00:00
102007,Deccan Express Ret 4,PUNE,04:00,04:15
102007,Deccan Express Ret 4,NAGPUR,12:45,13:00
102007,Deccan Express Ret 4,BHOPAL,17:30,17:45
102007,Deccan Express Ret 4,DELHI,00:45,--
102009,Deccan Express Ret 5,MUMBAI,--,03:00
102009,Deccan Express Ret 5,PUNE,07:00,07:15
102009,Deccan Express Ret 5,NAGPUR,15:45,16:00
102009,Deccan Express Ret 5,BHOPAL,20:30,20:45
102009,Deccan Express Ret 5,DELHI,03:45,--
102011,Deccan Express Ret 6,MUMBAI,--,06:00
102011,Deccan Express Ret 6,PUNE,10:00,10:15
102011,Deccan Express Ret 6,NAGPUR,18:45,19:00
102011,Deccan Express Ret 6,BHOPAL,23:30,23:45
102011,Deccan Express Ret 6,DELHI,06:45,--
102013,Deccan Express Ret 7,MUMBAI,--,09:00
102013,Deccan Express Ret 7,PUNE,13:00,13:15
102013,Deccan Express Ret 7,NAGPUR,21:45,22:00
102013,Deccan Express Ret 7,BHOPAL,02:30,02:45
102013,Deccan Express Ret 7,DELHI,09:45,--
102015,Deccan Express Ret 8,MUMBAI,--,12:00
102015,Deccan Express Ret 8,PUNE,16:00,16:15
102015,Deccan Express Ret 8,NAGPUR,00:45,01:00
102015,Deccan Express Ret 8,BHOPAL,05:30,05:45
102015,Deccan Express Ret 8,DELHI,12:45,--
12051,Saurashtra Mail 1,DELHI,--,07:00
12051,Saurashtra Mail 1,JAIPUR,12:00,12:15
12051,Saurashtra Mail 1,AHMEDABAD,18:15,18:30
12051,Saurashtra Mail 1,SURAT,21:30,21:45
12051,Saurashtra Mail 1,MUMBAI,00:15,--
12053,Saurashtra Mail 2,DELHI,--,10:00
12053,Saurashtra Mail 2,JAIPUR,15:00,15:15
12053,Saurashtra Mail 2,AHMEDABAD,21:15,21:30
12053,Saurashtra Mail 2,SURAT,00:30,00:45
12053,Saurashtra Mail 2,MUMBAI,03:15,--
12055,Saurashtra Mail 3,DELHI,--,13:00
12055,Saurashtra Mail 3,JAIPUR,18:00,18:15
12055,Saurashtra Mail 3,AHMEDABAD,00:15,00:30
12055,Saurashtra Mail 3,SURAT,03:30,03:45
12055,Saurashtra Mail 3,MUMBAI,06:15,--
12057,Saurashtra Mail 4,DELHI,--,16:00
12057,Saurashtra Mail 4,JAIPUR,21:00,21:15
12057,Saurashtra Mail 4,AHMEDABAD,03:15,03:30
12057,Saurashtra Mail 4,SURAT,06:30,06:45
12057,Saurashtra Mail 4,MUMBAI,09:15,--
12059,Saurashtra Mail 5,DELHI,--,19:00
12059,Saurashtra Mail 5,JAIPUR,00:00,00:15
12059,Saurashtra Mail 5,AHMEDABAD,06:15,06:30
12059,Saurashtra Mail 5,SURAT,09:30,09:45
12059,Saurashtra Mail 5,MUMBAI,12:15,--
12061,Saurashtra Mail 6,DELHI,--,22:00
12061,Saurashtra Mail 6,JAIPUR,03:00,03:15
12061,Saurashtra Mail 6,AHMEDABAD,09:15,09:30
12061,Saurashtra Mail 6,SURAT,12:30,12:45
12061,Saurashtra Mail 6,MUMBAI,15:15,--
12063,Saurashtra Mail 7,DELHI,--,01:00
12063,Saurashtra Mail 7,JAIPUR,06:00,06:15
12063,Saurashtra Mail 7,AHMEDABAD,12:15,12:30
12063,Saurashtra Mail 7,SURAT,15:30,15:45
12063,Saurashtra Mail 7,MUMBAI,18:15,--
12065,Saurashtra Mail 8,DELHI,--,04:00
12065,Saurashtra Mail 8,JAIPUR,09:00,09:15
12065,Saurashtra Mail 8,AHMEDABAD,15:15,15:30
12065,Saurashtra Mail 8,SURAT,18:30,18:45
12065,Saurashtra Mail 8,MUMBAI,21:15,--
102051,Saurashtra Mail Ret 1,MUMBAI,--,16:00
102051,Saurashtra Mail Ret 1,SURAT,18:30,18:45
102051,Saurashtra Mail Ret 1,AHMEDABAD,21:45,22:00
102051,Saurashtra Mail Ret 1,JAIPUR,04:00,04:15
102051,Saurashtra Mail Ret 1,DELHI,09:15,--
102053,Saurashtra Mail Ret 2,MUMBAI,--,19:00
102053,Saurashtra Mail Ret 2,SURAT,21:30,21:45
102053,Saurashtra Mail Ret 2,AHMEDABAD,00:45,01:00
102053,Saurashtra Mail Ret 2,JAIPUR,07:00,07:15
102053,Saurashtra Mail Ret 2,DELHI,12:15,--
102055,Saurashtra Mail Ret 3,MUMBAI,--,22:00
102055,Saurashtra Mail Ret 3,SURAT,00:30,00:45
102055,Saurashtra Mail Ret 3,AHMEDABAD,03:45,04:00
102055,Saurashtra Mail Ret 3,JAIPUR,10:00,10:15
102055,Saurashtra Mail Ret 3,DELHI,15:15,--
102057,Saurashtra Mail Ret 4,MUMBAI,--,01:00
102057,Saurashtra Mail Ret 4,SURAT,03:30,03:45
102057,Saurashtra Mail Ret 4,AHMEDABAD,06:45,07:00
102057,Saurashtra Mail Ret 4,JAIPUR,13:00,13:15
102057,Saurashtra Mail Ret 4,DELHI,18:15,--
102059,Saurashtra Mail Ret 5,MUMBAI,--,04:00
102059,Saurashtra Mail Ret 5,SURAT,06:30,06:45
102059,Saurashtra Mail Ret 5,AHMEDABAD,09:45,10:00
102059,Saurashtra Mail Ret 5,JAIPUR,16:00,16:15
102059,Saurashtra Mail Ret 5,DELHI,21:15,--
102061,Saurashtra Mail Ret 6,MUMBAI,--,07:00
102061,Saurashtra Mail Ret 6,SURAT,09:30,09:45
102061,Saurashtra Mail Ret 6,AHMEDABAD,12:45,13:00
102061,Saurashtra Mail Ret 6,JAIPUR,19:00,19:15
102061,Saurashtra Mail Ret 6,DELHI,00:15,--
102063,Saurashtra Mail Ret 7,MUMBAI,--,10:00
102063,Saurashtra Mail Ret 7,SURAT,12:30,12:45
102063,Saurashtra Mail Ret 7,AHMEDABAD,15:45,16:00
102063,Saurashtra Mail Ret 7,JAIPUR,22:00,22:15
102063,Saurashtra Mail Ret 7,DELHI,03:15,--
102065,Saurashtra Mail Ret 8,MUMBAI,--,13:00
102065,Saurashtra Mail Ret 8,SURAT,15:30,15:45
102065,Saurashtra Mail Ret 8,AHMEDABAD,18:45,19:00
102065,Saurashtra Mail Ret 8,JAIPUR,01:00,01:15
102065,Saurashtra Mail Ret 8,DELHI,06:15,--
12301,Poorva Express 1,DELHI,--,08:00
12301,Poorva Express 1,LUCKNOW,13:30,13:45
12301,Poorva Express 1,VARANASI,16:15,16:30
12301,Poorva Express 1,PATNA,20:00,20:15
12301,Poorva Express 1,KOLKATA,03:45,--
12303,Poorva Express 2,DELHI,--,11:00
12303,Poorva Express 2,LUCKNOW,16:30,16:45
12303,Poorva Express 2,VARANASI,19:15,19:30
12303,Poorva Express 2,PATNA,23:00,23:15
12303,Poorva Express 2,KOLKATA,06:45,--
12305,Poorva Express 3,DELHI,--,14:00
12305,Poorva Express 3,LUCKNOW,19:30,19:45
12305,Poorva Express 3,VARANASI,22:15,22:30
12305,Poorva Express 3,PATNA,02:00,02:15
12305,Poorva Express 3,KOLKATA,09:45,--
12307,Poorva Express 4,DELHI,--,17:00
12307,Poorva Express 4,LUCKNOW,22:30,22:45
12307,Poorva Express 4,VARANASI,01:15,01:30
12307,Poorva Express 4,PATNA,05:00,05:15
12307,Poorva Express 4,KOLKATA,12:45,--
12309,Poorva Express 5,DELHI,--,20:00
12309,Poorva Express 5,LUCKNOW,01:30,01:45
12309,Poorva Express 5,VARANASI,04:15,04:30
12309,Poorva Express 5,PATNA,08:00,08:15
12309,Poorva Express 5,KOLKATA,15:45,--
12311,Poorva Express 6,DELHI,--,23:00
12311,Poorva Express 6,LUCKNOW,04:30,04:45
12311,Poorva Express 6,VARANASI,07:15,07:30
12311,Poorva Express 6,PATNA,11:00,11:15
12311,Poorva Express 6,KOLKATA,18:45,--
12313,Poorva Express 7,DELHI,--,02:00
12313,Poorva Express 7,LUCKNOW,07:30,07:45
12313,Poorva Express 7,VARANASI,10:15,10:30
12313,Poorva Express 7,PATNA,14:00,14:15
12313,Poorva Express 7,KOLKATA,21:45,--
12315,Poorva Express 8,DELHI,--,05:00
12315,Poorva Express 8,LUCKNOW,10:30,10:45
12315,Poorva Express 8,VARANASI,13:15,13:30
12315,Poorva Express 8,PATNA,17:00,17:15
12315,Poorva Express 8,KOLKATA,00:45,--
102301,Poorva Express Ret 1,KOLKATA,--,17:00
102301,Poorva Express Ret 1,PATNA,00:30,00:45
102301,Poorva Express Ret 1,VARANASI,04:15,04:30
102301,Poorva Express Ret 1,LUCKNOW,07:00,07:15
102301,Poorva Express Ret 1,DELHI,12:45,--
102303,Poorva Express Ret 2,KOLKATA,--,20:00
102303,Poorva Express Ret 2,PATNA,03:30,03:45
102303,Poorva Express Ret 2,VARANASI,07:15,07:30
102303,Poorva Express Ret 2,LUCKNOW,10:00,10:15
102303,Poorva Express Ret 2,DELHI,15:45,--
102305,Poorva Express Ret 3,KOLKATA,--,23:00
102305,Poorva Express Ret 3,PATNA,06:30,06:45
102305,Poorva Express Ret 3,VARANASI,10:15,10:30
102305,Poorva Express Ret 3,LUCKNOW,13:00,13:15
102305,Poorva Express Ret 3,DELHI,18:45,--
102307,Poorva Express Ret 4,KOLKATA,--,02:00
102307,Poorva Express Ret 4,PATNA,09:30,09:45
102307,Poorva Express Ret 4,VARANASI,13:15,13:30
102307,Poorva Express Ret 4,LUCKNOW,16:00,16:15
102307,Poorva Express Ret 4,DELHI,21:45,--
102309,Poorva Express Ret 5,KOLKATA,--,05:00
102309,Poorva Express Ret 5,PATNA,12:30,12:45
102309,Poorva Express Ret 5,VARANASI,16:15,16:30
102309,Poorva Express Ret 5,LUCKNOW,19:00,19:15
102309,Poorva Express Ret 5,DELHI,00:45,--
102311,Poorva Express Ret 6,KOLKATA,--,08:00
102311,Poorva Express Ret 6,PATNA,15:30,15:45
102311,Poorva Express Ret 6,VARANASI,19:15,19:30
102311,Poorva Express Ret 6,LUCKNOW,22:00,22:15
102311,Poorva Express Ret 6,DELHI,03:45,--
102313,Poorva Express Ret 7,KOLKATA,--,11:00
102313,Poorva Express Ret 7,PATNA,18:30,18:45
102313,Poorva Express Ret 7,VARANASI,22:15,22:30
102313,Poorva Express Ret 7,LUCKNOW,01:00,01:15
102313,Poorva Express Ret 7,DELHI,06:45,--
102315,Poorva Express Ret 8,KOLKATA,--,14:00
102315,Poorva Express Ret 8,PATNA,21:30,21:45
102315,Poorva Express Ret 8,VARANASI,01:15,01:30
102315,Poorva Express Ret 8,LUCKNOW,04:00,04:15
102315,Poorva Express Ret 8,DELHI,09:45,--
12615,GT Express 1,DELHI,--,05:00
12615,GT Express 1,NAGPUR,16:30,16:45
12615,GT Express 1,HYDERABAD,23:45,00:00
12615,GT Express 1,BANGALORE,09:00,09:15
12615,GT Express 1,CHENNAI,14:15,--
12617,GT Express 2,DELHI,--,08:00
12617,GT Express 2,NAGPUR,19:30,19:45
12617,GT Express 2,HYDERABAD,02:45,03:00
12617,GT Express 2,BANGALORE,12:00,12:15
12617,GT Express 2,CHENNAI,17:15,--
12619,GT Express 3,DELHI,--,11:00
12619,GT Express 3,NAGPUR,22:30,22:45
12619,GT Express 3,HYDERABAD,05:45,06:00
12619,GT Express 3,BANGALORE,15:00,15:15
12619,GT Express 3,CHENNAI,20:15,--
12621,GT Express 4,DELHI,--,14:00
12621,GT Express 4,NAGPUR,01:30,01:45
12621,GT Express 4,HYDERABAD,08:45,09:00
12621,GT Express 4,BANGALORE,18:00,18:15
12621,GT Express 4,CHENNAI,23:15,--
12623,GT Express 5,DELHI,--,17:00
12623,GT Express 5,NAGPUR,04:30,04:45
12623,GT Express 5,HYDERABAD,11:45,12:00
12623,GT Express 5,BANGALORE,21:00,21:15
12623,GT Express 5,CHENNAI,02:15,--
12625,GT Express 6,DELHI,--,20:00
12625,GT Express 6,NAGPUR,07:30,07:45
12625,GT Express 6,HYDERABAD,14:45,15:00
12625,GT Express 6,BANGALORE,00:00,00:15
12625,GT Express 6,CHENNAI,05:15,--
12627,GT Express 7,DELHI,--,23:00
12627,GT Express 7,NAGPUR,10:30,10:45
12627,GT Express 7,HYDERABAD,17:45,18:00
12627,GT Express 7,BANGALORE,03:00,03:15
12627,GT Express 7,CHENNAI,08:15,--
12629,GT Express 8,DELHI,--,02:00
12629,GT Express 8,NAGPUR,13:30,13:45
12629,GT Express 8,HYDERABAD,20:45,21:00
12629,GT Express 8,BANGALORE,06:00,06:15
12629,GT Express 8,CHENNAI,11:15,--
102615,GT Express Ret 1,CHENNAI,--,14:00
102615,GT Express Ret 1,BANGALORE,19:00,19:15
102615,GT Express Ret 1,HYDERABAD,04:15,04:30
102615,GT Express Ret 1,NAGPUR,11:30,11:45
102615,GT Express Ret 1,DELHI,23:15,--
102617,GT Express Ret 2,CHENNAI,--,17:00
102617,GT Express Ret 2,BANGALORE,22:00,22:15
102617,GT Express Ret 2,HYDERABAD,07:15,07:30
102617,GT Express Ret 2,NAGPUR,14:30,14:45
102617,GT Express Ret 2,DELHI,02:15,--
102619,GT Express Ret 3,CHENNAI,--,20:00
102619,GT Express Ret 3,BANGALORE,01:00,01:15
102619,GT Express Ret 3,HYDERABAD,10:15,10:30
102619,GT Express Ret 3,NAGPUR,17:30,17:45
102619,GT Express Ret 3,DELHI,05:15,--
102621,GT Express Ret 4,CHENNAI,--,23:00
102621,GT Express Ret 4,BANGALORE,04:00,04:15
102621,GT Express Ret 4,HYDERABAD,13:15,13:30
102621,GT Express Ret 4,NAGPUR,20:30,20:45
102621,GT Express Ret 4,DELHI,08:15,--
102623,GT Express Ret 5,CHENNAI,--,02:00
102623,GT Express Ret 5,BANGALORE,07:00,07:15
102623,GT Express Ret 5,HYDERABAD,16:15,16:30
102623,GT Express Ret 5,NAGPUR,23:30,23:45
102623,GT Express Ret 5,DELHI,11:15,--
102625,GT Express Ret 6,CHENNAI,--,05:00
102625,GT Express Ret 6,BANGALORE,10:00,10:15
102625,GT Express Ret 6,HYDERABAD,19:15,19:30
102625,GT Express Ret 6,NAGPUR,02:30,02:45
102625,GT Express Ret 6,DELHI,14:15,--
102627,GT Express Ret 7,CHENNAI,--,08:00
102627,GT Express Ret 7,BANGALORE,13:00,13:15
102627,GT Express Ret 7,HYDERABAD,22:15,22:30
102627,GT Express Ret 7,NAGPUR,05:30,05:45
102627,GT Express Ret 7,DELHI,17:15,--
102629,GT Express Ret 8,CHENNAI,--,11:00
102629,GT Express Ret 8,BANGALORE,16:00,16:15
102629,GT Express Ret 8,HYDERABAD,01:15,01:30
102629,GT Express Ret 8,NAGPUR,08:30,08:45
102629,GT Express Ret 8,DELHI,20:15,--
12779,Konkan Kanya 1,MUMBAI,--,05:00
12779,Konkan Kanya 1,PUNE,08:30,08:45
12779,Konkan Kanya 1,HYDERABAD,17:15,17:30
12779,Konkan Kanya 1,BANGALORE,02:30,--
12781,Konkan Kanya 2,MUMBAI,--,08:00
12781,Konkan Kanya 2,PUNE,11:30,11:45
12781,Konkan Kanya 2,HYDERABAD,20:15,20:30
12781,Konkan Kanya 2,BANGALORE,05:30,--
12783,Konkan Kanya 3,MUMBAI,--,11:00
12783,Konkan Kanya 3,PUNE,14:30,14:45
12783,Konkan Kanya 3,HYDERABAD,23:15,23:30
12783,Konkan Kanya 3,BANGALORE,08:30,--
12785,Konkan Kanya 4,MUMBAI,--,14:00
12785,Konkan Kanya 4,PUNE,17:30,17:45
12785,Konkan Kanya 4,HYDERABAD,02:15,02:30
12785,Konkan Kanya 4,BANGALORE,11:30,--
12787,Konkan Kanya 5,MUMBAI,--,17:00
12787,Konkan Kanya 5,PUNE,20:30,20:45
12787,Konkan Kanya 5,HYDERABAD,05:15,05:30
12787,Konkan Kanya 5,BANGALORE,14:30,--
12789,Konkan Kanya 6,MUMBAI,--,20:00
12789,Konkan Kanya 6,PUNE,23:30,23:45
12789,Konkan Kanya 6,HYDERABAD,08:15,08:30
12789,Konkan Kanya 6,BANGALORE,17:30,--
12791,Konkan Kanya 7,MUMBAI,--,23:00
12791,Konkan Kanya 7,PUNE,02:30,02:45
12791,Konkan Kanya 7,HYDERABAD,11:15,11:30
12791,Konkan Kanya 7,BANGALORE,20:30,--
12793,Konkan Kanya 8,MUMBAI,--,02:00
12793,Konkan Kanya 8,PUNE,05:30,05:45
12793,Konkan Kanya 8,HYDERABAD,14:15,14:30
12793,Konkan Kanya 8,BANGALORE,23:30,--
102779,Konkan Kanya Ret 1,BANGALORE,--,14:00
102779,Konkan Kanya Ret 1,HYDERABAD,23:00,23:15
102779,Konkan Kanya Ret 1,PUNE,07:45,08:00
102779,Konkan Kanya Ret 1,MUMBAI,11:30,--
102781,Konkan Kanya Ret 2,BANGALORE,--,17:00
102781,Konkan Kanya Ret 2,HYDERABAD,02:00,02:15
102781,Konkan Kanya Ret 2,PUNE,10:45,11:00
102781,Konkan Kanya Ret 2,MUMBAI,14:30,--
102783,Konkan Kanya Ret 3,BANGALORE,--,20:00
102783,Konkan Kanya Ret 3,HYDERABAD,05:00,05:15
102783,Konkan Kanya Ret 3,PUNE,13:45,14:00
102783,Konkan Kanya Ret 3,MUMBAI,17:30,--
102785,Konkan Kanya Ret 4,BANGALORE,--,23:00
102785,Konkan Kanya Ret 4,HYDERABAD,08:00,08:15
102785,Konkan Kanya Ret 4,PUNE,16:45,17:00
102785,Konkan Kanya Ret 4,MUMBAI,20:30,--
102787,Konkan Kanya Ret 5,BANGALORE,--,02:00
102787,Konkan Kanya Ret 5,HYDERABAD,11:00,11:15
102787,Konkan Kanya Ret 5,PUNE,19:45,20:00
102787,Konkan Kanya Ret 5,MUMBAI,23:30,--
102789,Konkan Kanya Ret 6,BANGALORE,--,05:00
102789,Konkan Kanya Ret 6,HYDERABAD,14:00,14:15
102789,Konkan Kanya Ret 6,PUNE,22:45,23:00
102789,Konkan Kanya Ret 6,MUMBAI,02:30,--
102791,Konkan Kanya Ret 7,BANGALORE,--,08:00
102791,Konkan Kanya Ret 7,HYDERABAD,17:00,17:15
102791,Konkan Kanya Ret 7,PUNE,01:45,02:00
102791,Konkan Kanya Ret 7,MUMBAI,05:30,--
102793,Konkan Kanya Ret 8,BANGALORE,--,11:00
102793,Konkan Kanya Ret 8,HYDERABAD,20:00,20:15
102793,Konkan Kanya Ret 8,PUNE,04:45,05:00
102793,Konkan Kanya Ret 8,MUMBAI,08:30,--
12621,Tamil Nadu Express 1,BANGALORE,--,10:00
12621,Tamil Nadu Express 1,CHENNAI,15:00,--
12623,Tamil Nadu Express 2,BANGALORE,--,13:00
12623,Tamil Nadu Express 2,CHENNAI,18:00,--
12625,Tamil Nadu Express 3,BANGALORE,--,16:00
12625,Tamil Nadu Express 3,CHENNAI,21:00,--
12627,Tamil Nadu Express 4,BANGALORE,--,19:00
12627,Tamil Nadu Express 4,CHENNAI,00:00,--
12629,Tamil Nadu Express 5,BANGALORE,--,22:00
12629,Tamil Nadu Express 5,CHENNAI,03:00,--
12631,Tamil Nadu Express 6,BANGALORE,--,01:00
12631,Tamil Nadu Express 6,CHENNAI,06:00,--
12633,Tamil Nadu Express 7,BANGALORE,--,04:00
12633,Tamil Nadu Express 7,CHENNAI,09:00,--
12635,Tamil Nadu Express 8,BANGALORE,--,07:00
12635,Tamil Nadu Express 8,CHENNAI,12:00,--
102621,Tamil Nadu Express Ret 1,CHENNAI,--,19:00
102621,Tamil Nadu Express Ret 1,BANGALORE,00:00,--
102623,Tamil Nadu Express Ret 2,CHENNAI,--,22:00
102623,Tamil Nadu Express Ret 2,BANGALORE,03:00,--
102625,Tamil Nadu Express Ret 3,CHENNAI,--,01:00
102625,Tamil Nadu Express Ret 3,BANGALORE,06:00,--
102627,Tamil Nadu Express Ret 4,CHENNAI,--,04:00
102627,Tamil Nadu Express Ret 4,BANGALORE,09:00,--
102629,Tamil Nadu Express Ret 5,CHENNAI,--,07:00
102629,Tamil Nadu Express Ret 5,BANGALORE,12:00,--
102631,Tamil Nadu Express Ret 6,CHENNAI,--,10:00
102631,Tamil Nadu Express Ret 6,BANGALORE,15:00,--
102633,Tamil Nadu Express Ret 7,CHENNAI,--,13:00
102633,Tamil Nadu Express Ret 7,BANGALORE,18:00,--
102635,Tamil Nadu Express Ret 8,CHENNAI,--,16:00
102635,Tamil Nadu Express Ret 8,BANGALORE,21:00,--
12840,East Coast Express 1,MUMBAI,--,06:00
12840,East Coast Express 1,PUNE,09:30,09:50
12840,East Coast Express 1,HYDERABAD,18:20,18:40
12840,East Coast Express 1,VISAKHAPATNAM,00:40,01:00
12840,East Coast Express 1,BHUBANESWAR,06:00,06:20
12840,East Coast Express 1,KOLKATA,11:20,--
12842,East Coast Express 2,MUMBAI,--,09:00
12842,East Coast Express 2,PUNE,12:30,12:50
12842,East Coast Express 2,HYDERABAD,21:20,21:40
12842,East Coast Express 2,VISAKHAPATNAM,03:40,04:00
12842,East Coast Express 2,BHUBANESWAR,09:00,09:20
12842,East Coast Express 2,KOLKATA,14:20,--
12844,East Coast Express 3,MUMBAI,--,12:00
12844,East Coast Express 3,PUNE,15:30,15:50
12844,East Coast Express 3,HYDERABAD,00:20,00:40
12844,East Coast Express 3,VISAKHAPATNAM,06:40,07:00
12844,East Coast Express 3,BHUBANESWAR,12:00,12:20
12844,East Coast Express 3,KOLKATA,17:20,--
12846,East Coast Express 4,MUMBAI,--,15:00
12846,East Coast Express 4,PUNE,18:30,18:50
12846,East Coast Express 4,HYDERABAD,03:20,03:40
12846,East Coast Express 4,VISAKHAPATNAM,09:40,10:00
12846,East Coast Express 4,BHUBANESWAR,15:00,15:20
12846,East Coast Express 4,KOLKATA,20:20,--
12848,East Coast Express 5,MUMBAI,--,18:00
12848,East Coast Express 5,PUNE,21:30,21:50
12848,East Coast Express 5,HYDERABAD,06:20,06:40
12848,East Coast Express 5,VISAKHAPATNAM,12:40,13:00
12848,East Coast Express 5,BHUBANESWAR,18:00,18:20
12848,East Coast Express 5,KOLKATA,23:20,--
12850,East Coast Express 6,MUMBAI,--,21:00
12850,East Coast Express 6,PUNE,00:30,00:50
12850,East Coast Express 6,HYDERABAD,09:20,09:40
12850,East Coast Express 6,VISAKHAPATNAM,15:40,16:00
12850,East Coast Express 6,BHUBANESWAR,21:00,21:20
12850,East Coast Express 6,KOLKATA,02:20,--
12852,East Coast Express 7,MUMBAI,--,00:00
12852,East Coast Express 7,PUNE,03:30,03:50
12852,East Coast Express 7,HYDERABAD,12:20,12:40
12852,East Coast Express 7,VISAKHAPATNAM,18:40,19:00
12852,East Coast Express 7,BHUBANESWAR,00:00,00:20
12852,East Coast Express 7,KOLKATA,05:20,--
12854,East Coast Express 8,MUMBAI,--,03:00
12854,East Coast Express 8,PUNE,06:30,06:50
12854,East Coast Express 8,HYDERABAD,15:20,15:40
12854,East Coast Express 8,VISAKHAPATNAM,21:40,22:00
12854,East Coast Express 8,BHUBANESWAR,03:00,03:20
12854,East Coast Express 8,KOLKATA,08:20,--
102840,East Coast Express Ret 1,KOLKATA,--,15:00
102840,East Coast Express Ret 1,BHUBANESWAR,20:00,20:20
102840,East Coast Express Ret 1,VISAKHAPATNAM,01:20,01:40
102840,East Coast Express Ret 1,HYDERABAD,07:40,08:00
102840,East Coast Express Ret 1,PUNE,16:30,16:50
102840,East Coast Express Ret 1,MUMBAI,20:20,--
102842,East Coast Express Ret 2,KOLKATA,--,18:00
102842,East Coast Express Ret 2,BHUBANESWAR,23:00,23:20
102842,East Coast Express Ret 2,VISAKHAPATNAM,04:20,04:40
102842,East Coast Express Ret 2,HYDERABAD,10:40,11:00
102842,East Coast Express Ret 2,PUNE,19:30,19:50
102842,East Coast Express Ret 2,MUMBAI,23:20,--
102844,East Coast Express Ret 3,KOLKATA,--,21:00
102844,East Coast Express Ret 3,BHUBANESWAR,02:00,02:20
102844,East Coast Express Ret 3,VISAKHAPATNAM,07:20,07:40
102844,East Coast Express Ret 3,HYDERABAD,13:40,14:00
102844,East Coast Express Ret 3,PUNE,22:30,22:50
102844,East Coast Express Ret 3,MUMBAI,02:20,--
102846,East Coast Express Ret 4,KOLKATA,--,00:00
102846,East Coast Express Ret 4,BHUBANESWAR,05:00,05:20
102846,East Coast Express Ret 4,VISAKHAPATNAM,10:20,10:40
102846,East Coast Express Ret 4,HYDERABAD,16:40,17:00
102846,East Coast Express Ret 4,PUNE,01:30,01:50
102846,East Coast Express Ret 4,MUMBAI,05:20,--
102848,East Coast Express Ret 5,KOLKATA,--,03:00
102848,East Coast Express Ret 5,BHUBANESWAR,08:00,08:20
102848,East Coast Express Ret 5,VISAKHAPATNAM,13:20,13:40
102848,East Coast Express Ret 5,HYDERABAD,19:40,20:00
102848,East Coast Express Ret 5,PUNE,04:30,04:50
102848,East Coast Express Ret 5,MUMBAI,08:20,--
102850,East Coast Express Ret 6,KOLKATA,--,06:00
102850,East Coast Express Ret 6,BHUBANESWAR,11:00,11:20
102850,East Coast Express Ret 6,VISAKHAPATNAM,16:20,16:40
102850,East Coast Express Ret 6,HYDERABAD,22:40,23:00
102850,East Coast Express Ret 6,PUNE,07:30,07:50
102850,East Coast Express Ret 6,MUMBAI,11:20,--
102852,East Coast Express Ret 7,KOLKATA,--,09:00
102852,East Coast Express Ret 7,BHUBANESWAR,14:00,14:20
102852,East Coast Express Ret 7,VISAKHAPATNAM,19:20,19:40
102852,East Coast Express Ret 7,HYDERABAD,01:40,02:00
102852,East Coast Express Ret 7,PUNE,10:30,10:50
102852,East Coast Express Ret 7,MUMBAI,14:20,--
102854,East Coast Express Ret 8,KOLKATA,--,12:00
102854,East Coast Express Ret 8,BHUBANESWAR,17:00,17:20
102854,East Coast Express Ret 8,VISAKHAPATNAM,22:20,22:40
102854,East Coast Express Ret 8,HYDERABAD,04:40,05:00
102854,East Coast Express Ret 8,PUNE,13:30,13:50
102854,East Coast Express Ret 8,MUMBAI,17:20,--
12841,Coromandel Express 1,KOLKATA,--,07:00
12841,Coromandel Express 1,BHUBANESWAR,12:00,12:15
12841,Coromandel Express 1,VISAKHAPATNAM,17:15,17:30
12841,Coromandel Express 1,CHENNAI,06:30,--
12843,Coromandel Express 2,KOLKATA,--,10:00
12843,Coromandel Express 2,BHUBANESWAR,15:00,15:15
12843,Coromandel Express 2,VISAKHAPATNAM,20:15,20:30
12843,Coromandel Express 2,CHENNAI,09:30,--
12845,Coromandel Express 3,KOLKATA,--,13:00
12845,Coromandel Express 3,BHUBANESWAR,18:00,18:15
12845,Coromandel Express 3,VISAKHAPATNAM,23:15,23:30
12845,Coromandel Express 3,CHENNAI,12:30,--
12847,Coromandel Express 4,KOLKATA,--,16:00
12847,Coromandel Express 4,BHUBANESWAR,21:00,21:15
12847,Coromandel Express 4,VISAKHAPATNAM,02:15,02:30
12847,Coromandel Express 4,CHENNAI,15:30,--
12849,Coromandel Express 5,KOLKATA,--,19:00
12849,Coromandel Express 5,BHUBANESWAR,00:00,00:15
12849,Coromandel Express 5,VISAKHAPATNAM,05:15,05:30
12849,Coromandel Express 5,CHENNAI,18:30,--
12851,Coromandel Express 6,KOLKATA,--,22:00
12851,Coromandel Express 6,BHUBANESWAR,03:00,03:15
12851,Coromandel Express 6,VISAKHAPATNAM,08:15,08:30
12851,Coromandel Express 6,CHENNAI,21:30,--
12853,Coromandel Express 7,KOLKATA,--,01:00
12853,Coromandel Express 7,BHUBANESWAR,06:00,06:15
12853,Coromandel Express 7,VISAKHAPATNAM,11:15,11:30
12853,Coromandel Express 7,CHENNAI,00:30,--
12855,Coromandel Express 8,KOLKATA,--,04:00
12855,Coromandel Express 8,BHUBANESWAR,09:00,09:15
12855,Coromandel Express 8,VISAKHAPATNAM,14:15,14:30
12855,Coromandel Express 8,CHENNAI,03:30,--
102841,Coromandel Express Ret 1,CHENNAI,--,16:00
102841,Coromandel Express Ret 1,VISAKHAPATNAM,05:00,05:15
102841,Coromandel Express Ret 1,BHUBANESWAR,10:15,10:30
102841,Coromandel Express Ret 1,KOLKATA,15:30,--
102843,Coromandel Express Ret 2,CHENNAI,--,19:00
102843,Coromandel Express Ret 2,VISAKHAPATNAM,08:00,08:15
102843,Coromandel Express Ret 2,BHUBANESWAR,13:15,13:30
102843,Coromandel Express Ret 2,KOLKATA,18:30,--
102845,Coromandel Express Ret 3,CHENNAI,--,22:00
102845,Coromandel Express Ret 3,VISAKHAPATNAM,11:00,11:15
102845,Coromandel Express Ret 3,BHUBANESWAR,16:15,16:30
102845,Coromandel Express Ret 3,KOLKATA,21:30,--
102847,Coromandel Express Ret 4,CHENNAI,--,01:00
102847,Coromandel Express Ret 4,VISAKHAPATNAM,14:00,14:15
102847,Coromandel Express Ret 4,BHUBANESWAR,19:15,19:30
102847,Coromandel Express Ret 4,KOLKATA,00:30,--
102849,Coromandel Express Ret 5,CHENNAI,--,04:00
102849,Coromandel Express Ret 5,VISAKHAPATNAM,17:00,17:15
102849,Coromandel Express Ret 5,BHUBANESWAR,22:15,22:30
102849,Coromandel Express Ret 5,KOLKATA,03:30,--
102851,Coromandel Express Ret 6,CHENNAI,--,07:00
102851,Coromandel Express Ret 6,VISAKHAPATNAM,20:00,20:15
102851,Coromandel Express Ret 6,BHUBANESWAR,01:15,01:30
102851,Coromandel Express Ret 6,KOLKATA,06:30,--
102853,Coromandel Express Ret 7,CHENNAI,--,10:00
102853,Coromandel Express Ret 7,VISAKHAPATNAM,23:00,23:15
102853,Coromandel Express Ret 7,BHUBANESWAR,04:15,04:30
102853,Coromandel Express Ret 7,KOLKATA,09:30,--
102855,Coromandel Express Ret 8,CHENNAI,--,13:00
102855,Coromandel Express Ret 8,VISAKHAPATNAM,02:00,02:15
102855,Coromandel Express Ret 8,BHUBANESWAR,07:15,07:30
102855,Coromandel Express Ret 8,KOLKATA,12:30,--
12011,Shatabdi Express 1,DELHI,--,06:00
12011,Shatabdi Express 1,CHANDIGARH,09:30,09:40
12011,Shatabdi Express 1,AMRITSAR,12:10,--
12013,Shatabdi Express 2,DELHI,--,09:00
12013,Shatabdi Express 2,CHANDIGARH,12:30,12:40
12013,Shatabdi Express 2,AMRITSAR,15:10,--
12015,Shatabdi Express 3,DELHI,--,12:00
12015,Shatabdi Express 3,CHANDIGARH,15:30,15:40
12015,Shatabdi Express 3,AMRITSAR,18:10,--
12017,Shatabdi Express 4,DELHI,--,15:00
12017,Shatabdi Express 4,CHANDIGARH,18:30,18:40
12017,Shatabdi Express 4,AMRITSAR,21:10,--
12019,Shatabdi Express 5,DELHI,--,18:00
12019,Shatabdi Express 5,CHANDIGARH,21:30,21:40
12019,Shatabdi Express 5,AMRITSAR,00:10,--
12021,Shatabdi Express 6,DELHI,--,21:00
12021,Shatabdi Express 6,CHANDIGARH,00:30,00:40
12021,Shatabdi Express 6,AMRITSAR,03:10,--
12023,Shatabdi Express 7,DELHI,--,00:00
12023,Shatabdi Express 7,CHANDIGARH,03:30,03:40
12023,Shatabdi Express 7,AMRITSAR,06:10,--
12025,Shatabdi Express 8,DELHI,--,03:00
12025,Shatabdi Express 8,CHANDIGARH,06:30,06:40
12025,Shatabdi Express 8,AMRITSAR,09:10,--
102011,Shatabdi Express Ret 1,AMRITSAR,--,15:00
102011,Shatabdi Express Ret 1,CHANDIGARH,17:30,17:40
102011,Shatabdi Express Ret 1,DELHI,21:10,--
102013,Shatabdi Express Ret 2,AMRITSAR,--,18:00
102013,Shatabdi Express Ret 2,CHANDIGARH,20:30,20:40
102013,Shatabdi Express Ret 2,DELHI,00:10,--
102015,Shatabdi Express Ret 3,AMRITSAR,--,21:00
102015,Shatabdi Express Ret 3,CHANDIGARH,23:30,23:40
102015,Shatabdi Express Ret 3,DELHI,03:10,--
102017,Shatabdi Express Ret 4,AMRITSAR,--,00:00
102017,Shatabdi Express Ret 4,CHANDIGARH,02:30,02:40
102017,Shatabdi Express Ret 4,DELHI,06:10,--
102019,Shatabdi Express Ret 5,AMRITSAR,--,03:00
102019,Shatabdi Express Ret 5,CHANDIGARH,05:30,05:40
102019,Shatabdi Express Ret 5,DELHI,09:10,--
102021,Shatabdi Express Ret 6,AMRITSAR,--,06:00
102021,Shatabdi Express Ret 6,CHANDIGARH,08:30,08:40
102021,Shatabdi Express Ret 6,DELHI,12:10,--
102023,Shatabdi Express Ret 7,AMRITSAR,--,09:00
102023,Shatabdi Express Ret 7,CHANDIGARH,11:30,11:40
102023,Shatabdi Express Ret 7,DELHI,15:10,--
102025,Shatabdi Express Ret 8,AMRITSAR,--,12:00
102025,Shatabdi Express Ret 8,CHANDIGARH,14:30,14:40
102025,Shatabdi Express Ret 8,DELHI,18:10,--
14005,Ganga Yamuna 1,DELHI,--,08:00
14005,Ganga Yamuna 1,LUCKNOW,13:30,13:45
14005,Ganga Yamuna 1,VARANASI,16:15,--
14007,Ganga Yamuna 2,DELHI,--,11:00
14007,Ganga Yamuna 2,LUCKNOW,16:30,16:45
14007,Ganga Yamuna 2,VARANASI,19:15,--
14009,Ganga Yamuna 3,DELHI,--,14:00
14009,Ganga Yamuna 3,LUCKNOW,19:30,19:45
14009,Ganga Yamuna 3,VARANASI,22:15,--
14011,Ganga Yamuna 4,DELHI,--,17:00
14011,Ganga Yamuna 4,LUCKNOW,22:30,22:45
14011,Ganga Yamuna 4,VARANASI,01:15,--
14013,Ganga Yamuna 5,DELHI,--,20:00
14013,Ganga Yamuna 5,LUCKNOW,01:30,01:45
14013,Ganga Yamuna 5,VARANASI,04:15,--
14015,Ganga Yamuna 6,DELHI,--,23:00
14015,Ganga Yamuna 6,LUCKNOW,04:30,04:45
14015,Ganga Yamuna 6,VARANASI,07:15,--
14017,Ganga Yamuna 7,DELHI,--,02:00
14017,Ganga Yamuna 7,LUCKNOW,07:30,07:45
14017,Ganga Yamuna 7,VARANASI,10:15,--
14019,Ganga Yamuna 8,DELHI,--,05:00
14019,Ganga Yamuna 8,LUCKNOW,10:30,10:45
14019,Ganga Yamuna 8,VARANASI,13:15,--
104005,Ganga Yamuna Ret 1,VARANASI,--,17:00
104005,Ganga Yamuna Ret 1,LUCKNOW,19:30,19:45
104005,Ganga Yamuna Ret 1,DELHI,01:15,--
104007,Ganga Yamuna Ret 2,VARANASI,--,20:00
104007,Ganga Yamuna Ret 2,LUCKNOW,22:30,22:45
104007,Ganga Yamuna Ret 2,DELHI,04:15,--
104009,Ganga Yamuna Ret 3,VARANASI,--,23:00
104009,Ganga Yamuna Ret 3,LUCKNOW,01:30,01:45
104009,Ganga Yamuna Ret 3,DELHI,07:15,--
104011,Ganga Yamuna Ret 4,VARANASI,--,02:00
104011,Ganga Yamuna Ret 4,LUCKNOW,04:30,04:45
104011,Ganga Yamuna Ret 4,DELHI,10:15,--
104013,Ganga Yamuna Ret 5,VARANASI,--,05:00
104013,Ganga Yamuna Ret 5,LUCKNOW,07:30,07:45
104013,Ganga Yamuna Ret 5,DELHI,13:15,--
104015,Ganga Yamuna Ret 6,VARANASI,--,08:00
104015,Ganga Yamuna Ret 6,LUCKNOW,10:30,10:45
104015,Ganga Yamuna Ret 6,DELHI,16:15,--
104017,Ganga Yamuna Ret 7,VARANASI,--,11:00
104017,Ganga Yamuna Ret 7,LUCKNOW,13:30,13:45
104017,Ganga Yamuna Ret 7,DELHI,19:15,--
104019,Ganga Yamuna Ret 8,VARANASI,--,14:00
104019,Ganga Yamuna Ret 8,LUCKNOW,16:30,16:45
104019,Ganga Yamuna Ret 8,DELHI,22:15,--
16331,Island Express 1,CHENNAI,--,09:00
16331,Island Express 1,COIMBATORE,14:00,14:15
16331,Island Express 1,KOCHI,16:45,--
16333,Island Express 2,CHENNAI,--,12:00
16333,Island Express 2,COIMBATORE,17:00,17:15
16333,Island Express 2,KOCHI,19:45,--
16335,Island Express 3,CHENNAI,--,15:00
16335,Island Express 3,COIMBATORE,20:00,20:15
16335,Island Express 3,KOCHI,22:45,--
16337,Island Express 4,CHENNAI,--,18:00
16337,Island Express 4,COIMBATORE,23:00,23:15
16337,Island Express 4,KOCHI,01:45,--
16339,Island Express 5,CHENNAI,--,21:00
16339,Island Express 5,COIMBATORE,02:00,02:15
16339,Island Express 5,KOCHI,04:45,--
16341,Island Express 6,CHENNAI,--,00:00
16341,Island Express 6,COIMBATORE,05:00,05:15
16341,Island Express 6,KOCHI,07:45,--
16343,Island Express 7,CHENNAI,--,03:00
16343,Island Express 7,COIMBATORE,08:00,08:15
16343,Island Express 7,KOCHI,10:45,--
16345,Island Express 8,CHENNAI,--,06:00
16345,Island Express 8,COIMBATORE,11:00,11:15
16345,Island Express 8,KOCHI,13:45,--
106331,Island Express Ret 1,KOCHI,--,18:00
106331,Island Express Ret 1,COIMBATORE,20:30,20:45
106331,Island Express Ret 1,CHENNAI,01:45,--
106333,Island Express Ret 2,KOCHI,--,21:00
106333,Island Express Ret 2,COIMBATORE,23:30,23:45
106333,Island Express Ret 2,CHENNAI,04:45,--
106335,Island Express Ret 3,KOCHI,--,00:00
106335,Island Express Ret 3,COIMBATORE,02:30,02:45
106335,Island Express Ret 3,CHENNAI,07:45,--
106337,Island Express Ret 4,KOCHI,--,03:00
106337,Island Express Ret 4,COIMBATORE,05:30,05:45
106337,Island Express Ret 4,CHENNAI,10:45,--
106339,Island Express Ret 5,KOCHI,--,06:00
106339,Island Express Ret 5,COIMBATORE,08:30,08:45
106339,Island Express Ret 5,CHENNAI,13:45,--
106341,Island Express Ret 6,KOCHI,--,09:00
106341,Island Express Ret 6,COIMBATORE,11:30,11:45
106341,Island Express Ret 6,CHENNAI,16:45,--
106343,Island Express Ret 7,KOCHI,--,12:00
106343,Island Express Ret 7,COIMBATORE,14:30,14:45
106343,Island Express Ret 7,CHENNAI,19:45,--
106345,Island Express Ret 8,KOCHI,--,15:00
106345,Island Express Ret 8,COIMBATORE,17:30,17:45
106345,Island Express Ret 8,CHENNAI,22:45,--
15901,Kamrupa Express 1,KOLKATA,--,07:00
15901,Kamrupa Express 1,GUWAHATI,18:00,--
15903,Kamrupa Express 2,KOLKATA,--,10:00
15903,Kamrupa Express 2,GUWAHATI,21:00,--
15905,Kamrupa Express 3,KOLKATA,--,13:00
15905,Kamrupa Express 3,GUWAHATI,00:00,--
15907,Kamrupa Express 4,KOLKATA,--,16:00
15907,Kamrupa Express 4,GUWAHATI,03:00,--
15909,Kamrupa Express 5,KOLKATA,--,19:00
15909,Kamrupa Express 5,GUWAHATI,06:00,--
15911,Kamrupa Express 6,KOLKATA,--,22:00
15911,Kamrupa Express 6,GUWAHATI,09:00,--
15913,Kamrupa Express 7,KOLKATA,--,01:00
15913,Kamrupa Express 7,GUWAHATI,12:00,--
15915,Kamrupa Express 8,KOLKATA,--,04:00
15915,Kamrupa Express 8,GUWAHATI,15:00,--
105901,Kamrupa Express Ret 1,GUWAHATI,--,16:00
105901,Kamrupa Express Ret 1,KOLKATA,03:00,--
105903,Kamrupa Express Ret 2,GUWAHATI,--,19:00
105903,Kamrupa Express Ret 2,KOLKATA,06:00,--
105905,Kamrupa Express Ret 3,GUWAHATI,--,22:00
105905,Kamrupa Express Ret 3,KOLKATA,09:00,--
105907,Kamrupa Express Ret 4,GUWAHATI,--,01:00
105907,Kamrupa Express Ret 4,KOLKATA,12:00,--
105909,Kamrupa Express Ret 5,GUWAHATI,--,04:00
105909,Kamrupa Express Ret 5,KOLKATA,15:00,--
105911,Kamrupa Express Ret 6,GUWAHATI,--,07:00
105911,Kamrupa Express Ret 6,KOLKATA,18:00,--
105913,Kamrupa Express Ret 7,GUWAHATI,--,10:00
105913,Kamrupa Express Ret 7,KOLKATA,21:00,--
105915,Kamrupa Express Ret 8,GUWAHATI,--,13:00
105915,Kamrupa Express Ret 8,KOLKATA,00:00,--
11201,Ajanta Express 1,BHOPAL,--,05:00
11201,Ajanta Express 1,NAGPUR,09:30,09:45
11201,Ajanta Express 1,HYDERABAD,16:45,--
11203,Ajanta Express 2,BHOPAL,--,09:00
11203,Ajanta Express 2,NAGPUR,13:30,13:45
11203,Ajanta Express 2,HYDERABAD,20:45,--
11205,Ajanta Express 3,BHOPAL,--,13:00
11205,Ajanta Express 3,NAGPUR,17:30,17:45
11205,Ajanta Express 3,HYDERABAD,00:45,--
11207,Ajanta Express 4,BHOPAL,--,17:00
11207,Ajanta Express 4,NAGPUR,21:30,21:45
11207,Ajanta Express 4,HYDERABAD,04:45,--
11209,Ajanta Express 5,BHOPAL,--,21:00
11209,Ajanta Express 5,NAGPUR,01:30,01:45
11209,Ajanta Express 5,HYDERABAD,08:45,--
11211,Ajanta Express 6,BHOPAL,--,01:00
11211,Ajanta Express 6,NAGPUR,05:30,05:45
11211,Ajanta Express 6,HYDERABAD,12:45,--
101201,Ajanta Express Ret 1,HYDERABAD,--,14:00
101201,Ajanta Express Ret 1,NAGPUR,21:00,21:15
101201,Ajanta Express Ret 1,BHOPAL,01:45,--
101203,Ajanta Express Ret 2,HYDERABAD,--,18:00
101203,Ajanta Express Ret 2,NAGPUR,01:00,01:15
101203,Ajanta Express Ret 2,BHOPAL,05:45,--
101205,Ajanta Express Ret 3,HYDERABAD,--,22:00
101205,Ajanta Express Ret 3,NAGPUR,05:00,05:15
101205,Ajanta Express Ret 3,BHOPAL,09:45,--
101207,Ajanta Express Ret 4,HYDERABAD,--,02:00
101207,Ajanta Express Ret 4,NAGPUR,09:00,09:15
101207,Ajanta Express Ret 4,BHOPAL,13:45,--
101209,Ajanta Express Ret 5,HYDERABAD,--,06:00
101209,Ajanta Express Ret 5,NAGPUR,13:00,13:15
101209,Ajanta Express Ret 5,BHOPAL,17:45,--
101211,Ajanta Express Ret 6,HYDERABAD,--,10:00
101211,Ajanta Express Ret 6,NAGPUR,17:00,17:15
101211,Ajanta Express Ret 6,BHOPAL,21:45,--
12869,Steel Express 1,PATNA,--,06:00
12869,Steel Express 1,RANCHI,10:00,10:15
12869,Steel Express 1,BHUBANESWAR,14:45,--
12871,Steel Express 2,PATNA,--,10:00
12871,Steel Express 2,RANCHI,14:00,14:15
12871,Steel Express 2,BHUBANESWAR,18:45,--
12873,Steel Express 3,PATNA,--,14:00
12873,Steel Express 3,RANCHI,18:00,18:15
12873,Steel Express 3,BHUBANESWAR,22:45,--
12875,Steel Express 4,PATNA,--,18:00
12875,Steel Express 4,RANCHI,22:00,22:15
12875,Steel Express 4,BHUBANESWAR,02:45,--
12877,Steel Express 5,PATNA,--,22:00
12877,Steel Express 5,RANCHI,02:00,02:15
12877,Steel Express 5,BHUBANESWAR,06:45,--
12879,Steel Express 6,PATNA,--,02:00
12879,Steel Express 6,RANCHI,06:00,06:15
12879,Steel Express 6,BHUBANESWAR,10:45,--
102869,Steel Express Ret 1,BHUBANESWAR,--,15:00
102869,Steel Express Ret 1,RANCHI,19:30,19:45
102869,Steel Express Ret 1,PATNA,23:45,--
102871,Steel Express Ret 2,BHUBANESWAR,--,19:00
102871,Steel Express Ret 2,RANCHI,23:30,23:45
102871,Steel Express Ret 2,PATNA,03:45,--
102873,Steel Express Ret 3,BHUBANESWAR,--,23:00
102873,Steel Express Ret 3,RANCHI,03:30,03:45
102873,Steel Express Ret 3,PATNA,07:45,--
102875,Steel Express Ret 4,BHUBANESWAR,--,03:00
102875,Steel Express Ret 4,RANCHI,07:30,07:45
102875,Steel Express Ret 4,PATNA,11:45,--
102877,Steel Express Ret 5,BHUBANESWAR,--,07:00
102877,Steel Express Ret 5,RANCHI,11:30,11:45
102877,Steel Express Ret 5,PATNA,15:45,--
102879,Steel Express Ret 6,BHUBANESWAR,--,11:00
102879,Steel Express Ret 6,RANCHI,15:30,15:45
102879,Steel Express Ret 6,PATNA,19:45,--
15003,Saryu Yamuna 1,LUCKNOW,--,07:00
15003,Saryu Yamuna 1,VARANASI,09:30,09:40
15003,Saryu Yamuna 1,PATNA,13:10,--
15005,Saryu Yamuna 2,LUCKNOW,--,11:00
15005,Saryu Yamuna 2,VARANASI,13:30,13:40
15005,Saryu Yamuna 2,PATNA,17:10,--
15007,Saryu Yamuna 3,LUCKNOW,--,15:00
15007,Saryu Yamuna 3,VARANASI,17:30,17:40
15007,Saryu Yamuna 3,PATNA,21:10,--
15009,Saryu Yamuna 4,LUCKNOW,--,19:00
15009,Saryu Yamuna 4,VARANASI,21:30,21:40
15009,Saryu Yamuna 4,PATNA,01:10,--
15011,Saryu Yamuna 5,LUCKNOW,--,23:00
15011,Saryu Yamuna 5,VARANASI,01:30,01:40
15011,Saryu Yamuna 5,PATNA,05:10,--
15013,Saryu Yamuna 6,LUCKNOW,--,03:00
15013,Saryu Yamuna 6,VARANASI,05:30,05:40
15013,Saryu Yamuna 6,PATNA,09:10,--
105003,Saryu Yamuna Ret 1,PATNA,--,16:00
105003,Saryu Yamuna Ret 1,VARANASI,19:30,19:40
105003,Saryu Yamuna Ret 1,LUCKNOW,22:10,--
105005,Saryu Yamuna Ret 2,PATNA,--,20:00
105005,Saryu Yamuna Ret 2,VARANASI,23:30,23:40
105005,Saryu Yamuna Ret 2,LUCKNOW,02:10,--
105007,Saryu Yamuna Ret 3,PATNA,--,00:00
105007,Saryu Yamuna Ret 3,VARANASI,03:30,03:40
105007,Saryu Yamuna Ret 3,LUCKNOW,06:10,--
105009,Saryu Yamuna Ret 4,PATNA,--,04:00
105009,Saryu Yamuna Ret 4,VARANASI,07:30,07:40
105009,Saryu Yamuna Ret 4,LUCKNOW,10:10,--
105011,Saryu Yamuna Ret 5,PATNA,--,08:00
105011,Saryu Yamuna Ret 5,VARANASI,11:30,11:40
105011,Saryu Yamuna Ret 5,LUCKNOW,14:10,--
105013,Saryu Yamuna Ret 6,PATNA,--,12:00
105013,Saryu Yamuna Ret 6,VARANASI,15:30,15:40
105013,Saryu Yamuna Ret 6,LUCKNOW,18:10,--
19005,Saurashtra Express 1,AHMEDABAD,--,05:00
19005,Saurashtra Express 1,SURAT,08:00,08:15
19005,Saurashtra Express 1,MUMBAI,10:45,--
19007,Saurashtra Express 2,AHMEDABAD,--,09:00
19007,Saurashtra Express 2,SURAT,12:00,12:15
19007,Saurashtra Express 2,MUMBAI,14:45,--
19009,Saurashtra Express 3,AHMEDABAD,--,13:00
19009,Saurashtra Express 3,SURAT,16:00,16:15
19009,Saurashtra Express 3,MUMBAI,18:45,--
19011,Saurashtra Express 4,AHMEDABAD,--,17:00
19011,Saurashtra Express 4,SURAT,20:00,20:15
19011,Saurashtra Express 4,MUMBAI,22:45,--
19013,Saurashtra Express 5,AHMEDABAD,--,21:00
19013,Saurashtra Express 5,SURAT,00:00,00:15
19013,Saurashtra Express 5,MUMBAI,02:45,--
19015,Saurashtra Express 6,AHMEDABAD,--,01:00
19015,Saurashtra Express 6,SURAT,04:00,04:15
19015,Saurashtra Express 6,MUMBAI,06:45,--
109005,Saurashtra Express Ret 1,MUMBAI,--,14:00
109005,Saurashtra Express Ret 1,SURAT,16:30,16:45
109005,Saurashtra Express Ret 1,AHMEDABAD,19:45,--
109007,Saurashtra Express Ret 2,MUMBAI,--,18:00
109007,Saurashtra Express Ret 2,SURAT,20:30,20:45
109007,Saurashtra Express Ret 2,AHMEDABAD,23:45,--
109009,Saurashtra Express Ret 3,MUMBAI,--,22:00
109009,Saurashtra Express Ret 3,SURAT,00:30,00:45
109009,Saurashtra Express Ret 3,AHMEDABAD,03:45,--
109011,Saurashtra Express Ret 4,MUMBAI,--,02:00
109011,Saurashtra Express Ret 4,SURAT,04:30,04:45
109011,Saurashtra Express Ret 4,AHMEDABAD,07:45,--
109013,Saurashtra Express Ret 5,MUMBAI,--,06:00
109013,Saurashtra Express Ret 5,SURAT,08:30,08:45
109013,Saurashtra Express Ret 5,AHMEDABAD,11:45,--
109015,Saurashtra Express Ret 6,MUMBAI,--,10:00
109015,Saurashtra Express Ret 6,SURAT,12:30,12:45
109015,Saurashtra Express Ret 6,AHMEDABAD,15:45,--
17229,Rajiv Rajeswari 1,HYDERABAD,--,08:00
17229,Rajiv Rajeswari 1,BANGALORE,17:00,--
17231,Rajiv Rajeswari 2,HYDERABAD,--,12:00
17231,Rajiv Rajeswari 2,BANGALORE,21:00,--
17233,Rajiv Rajeswari 3,HYDERABAD,--,16:00
17233,Rajiv Rajeswari 3,BANGALORE,01:00,--
17235,Rajiv Rajeswari 4,HYDERABAD,--,20:00
17235,Rajiv Rajeswari 4,BANGALORE,05:00,--
17237,Rajiv Rajeswari 5,HYDERABAD,--,00:00
17237,Rajiv Rajeswari 5,BANGALORE,09:00,--
17239,Rajiv Rajeswari 6,HYDERABAD,--,04:00
17239,Rajiv Rajeswari 6,BANGALORE,13:00,--
107229,Rajiv Rajeswari Ret 1,BANGALORE,--,17:00
107229,Rajiv Rajeswari Ret 1,HYDERABAD,02:00,--
107231,Rajiv Rajeswari Ret 2,BANGALORE,--,21:00
107231,Rajiv Rajeswari Ret 2,HYDERABAD,06:00,--
107233,Rajiv Rajeswari Ret 3,BANGALORE,--,01:00
107233,Rajiv Rajeswari Ret 3,HYDERABAD,10:00,--
107235,Rajiv Rajeswari Ret 4,BANGALORE,--,05:00
107235,Rajiv Rajeswari Ret 4,HYDERABAD,14:00,--
107237,Rajiv Rajeswari Ret 5,BANGALORE,--,09:00
107237,Rajiv Rajeswari Ret 5,HYDERABAD,18:00,--
107239,Rajiv Rajeswari Ret 6,BANGALORE,--,13:00
107239,Rajiv Rajeswari Ret 6,HYDERABAD,22:00,--
18477,Utkal Express 1,KOLKATA,--,06:00
18477,Utkal Express 1,BHUBANESWAR,11:00,--
18479,Utkal Express 2,KOLKATA,--,10:00
18479,Utkal Express 2,BHUBANESWAR,15:00,--
18481,Utkal Express 3,KOLKATA,--,14:00
18481,Utkal Express 3,BHUBANESWAR,19:00,--
18483,Utkal Express 4,KOLKATA,--,18:00
18483,Utkal Express 4,BHUBANESWAR,23:00,--
18485,Utkal Express 5,KOLKATA,--,22:00
18485,Utkal Express 5,BHUBANESWAR,03:00,--
18487,Utkal Express 6,KOLKATA,--,02:00
18487,Utkal Express 6,BHUBANESWAR,07:00,--
108477,Utkal Express Ret 1,BHUBANESWAR,--,15:00
108477,Utkal Express Ret 1,KOLKATA,20:00,--
108479,Utkal Express Ret 2,BHUBANESWAR,--,19:00
108479,Utkal Express Ret 2,KOLKATA,00:00,--
108481,Utkal Express Ret 3,BHUBANESWAR,--,23:00
108481,Utkal Express Ret 3,KOLKATA,04:00,--
108483,Utkal Express Ret 4,BHUBANESWAR,--,03:00
108483,Utkal Express Ret 4,KOLKATA,08:00,--
108485,Utkal Express Ret 5,BHUBANESWAR,--,07:00
108485,Utkal Express Ret 5,KOLKATA,12:00,--
108487,Utkal Express Ret 6,BHUBANESWAR,--,11:00
108487,Utkal Express Ret 6,KOLKATA,16:00,--
18519,Visakha Express 1,BHUBANESWAR,--,07:00
18519,Visakha Express 1,VISAKHAPATNAM,12:00,--
18521,Visakha Express 2,BHUBANESWAR,--,11:00
18521,Visakha Express 2,VISAKHAPATNAM,16:00,--
18523,Visakha Express 3,BHUBANESWAR,--,15:00
18523,Visakha Express 3,VISAKHAPATNAM,20:00,--
18525,Visakha Express 4,BHUBANESWAR,--,19:00
18525,Visakha Express 4,VISAKHAPATNAM,00:00,--
18527,Visakha Express 5,BHUBANESWAR,--,23:00
18527,Visakha Express 5,VISAKHAPATNAM,04:00,--
18529,Visakha Express 6,BHUBANESWAR,--,03:00
18529,Visakha Express 6,VISAKHAPATNAM,08:00,--
108519,Visakha Express Ret 1,VISAKHAPATNAM,--,16:00
108519,Visakha Express Ret 1,BHUBANESWAR,21:00,--
108521,Visakha Express Ret 2,VISAKHAPATNAM,--,20:00
108521,Visakha Express Ret 2,BHUBANESWAR,01:00,--
108523,Visakha Express Ret 3,VISAKHAPATNAM,--,00:00
108523,Visakha Express Ret 3,BHUBANESWAR,05:00,--
108525,Visakha Express Ret 4,VISAKHAPATNAM,--,04:00
108525,Visakha Express Ret 4,BHUBANESWAR,09:00,--
108527,Visakha Express Ret 5,VISAKHAPATNAM,--,08:00
108527,Visakha Express Ret 5,BHUBANESWAR,13:00,--
108529,Visakha Express Ret 6,VISAKHAPATNAM,--,12:00
108529,Visakha Express Ret 6,BHUBANESWAR,17:00,--
16188,Nagercoil Express 1,CHENNAI,--,06:00
16188,Nagercoil Express 1,MADURAI,13:00,13:15
16188,Nagercoil Express 1,KOCHI,16:15,--
16190,Nagercoil Express 2,CHENNAI,--,10:00
16190,Nagercoil Express 2,MADURAI,17:00,17:15
16190,Nagercoil Express 2,KOCHI,20:15,--
16192,Nagercoil Express 3,CHENNAI,--,14:00
16192,Nagercoil Express 3,MADURAI,21:00,21:15
16192,Nagercoil Express 3,KOCHI,00:15,--
16194,Nagercoil Express 4,CHENNAI,--,18:00
16194,Nagercoil Express 4,MADURAI,01:00,01:15
16194,Nagercoil Express 4,KOCHI,04:15,--
16196,Nagercoil Express 5,CHENNAI,--,22:00
16196,Nagercoil Express 5,MADURAI,05:00,05:15
16196,Nagercoil Express 5,KOCHI,08:15,--
16198,Nagercoil Express 6,CHENNAI,--,02:00
16198,Nagercoil Express 6,MADURAI,09:00,09:15
16198,Nagercoil Express 6,KOCHI,12:15,--
106188,Nagercoil Express Ret 1,KOCHI,--,15:00
106188,Nagercoil Express Ret 1,MADURAI,18:00,18:15
106188,Nagercoil Express Ret 1,CHENNAI,01:15,--
106190,Nagercoil Express Ret 2,KOCHI,--,19:00
106190,Nagercoil Express Ret 2,MADURAI,22:00,22:15
106190,Nagercoil Express Ret 2,CHENNAI,05:15,--
106192,Nagercoil Express Ret 3,KOCHI,--,23:00
106192,Nagercoil Express Ret 3,MADURAI,02:00,02:15
106192,Nagercoil Express Ret 3,CHENNAI,09:15,--
106194,Nagercoil Express Ret 4,KOCHI,--,03:00
106194,Nagercoil Express Ret 4,MADURAI,06:00,06:15
106194,Nagercoil Express Ret 4,CHENNAI,13:15,--
106196,Nagercoil Express Ret 5,KOCHI,--,07:00
106196,Nagercoil Express Ret 5,MADURAI,10:00,10:15
106196,Nagercoil Express Ret 5,CHENNAI,17:15,--
106198,Nagercoil Express Ret 6,KOCHI,--,11:00
106198,Nagercoil Express Ret 6,MADURAI,14:00,14:15
106198,Nagercoil Express Ret 6,CHENNAI,21:15,--
16526,Kanyakumari Exp 1,COIMBATORE,--,07:00
16526,Kanyakumari Exp 1,BANGALORE,12:00,--
16528,Kanyakumari Exp 2,COIMBATORE,--,11:00
16528,Kanyakumari Exp 2,BANGALORE,16:00,--
16530,Kanyakumari Exp 3,COIMBATORE,--,15:00
16530,Kanyakumari Exp 3,BANGALORE,20:00,--
16532,Kanyakumari Exp 4,COIMBATORE,--,19:00
16532,Kanyakumari Exp 4,BANGALORE,00:00,--
16534,Kanyakumari Exp 5,COIMBATORE,--,23:00
16534,Kanyakumari Exp 5,BANGALORE,04:00,--
16536,Kanyakumari Exp 6,COIMBATORE,--,03:00
16536,Kanyakumari Exp 6,BANGALORE,08:00,--
106526,Kanyakumari Exp Ret 1,BANGALORE,--,16:00
106526,Kanyakumari Exp Ret 1,COIMBATORE,21:00,--
106528,Kanyakumari Exp Ret 2,BANGALORE,--,20:00
106528,Kanyakumari Exp Ret 2,COIMBATORE,01:00,--
106530,Kanyakumari Exp Ret 3,BANGALORE,--,00:00
106530,Kanyakumari Exp Ret 3,COIMBATORE,05:00,--
106532,Kanyakumari Exp Ret 4,BANGALORE,--,04:00
106532,Kanyakumari Exp Ret 4,COIMBATORE,09:00,--
106534,Kanyakumari Exp Ret 5,BANGALORE,--,08:00
106534,Kanyakumari Exp Ret 5,COIMBATORE,13:00,--
106536,Kanyakumari Exp Ret 6,BANGALORE,--,12:00
106536,Kanyakumari Exp Ret 6,COIMBATORE,17:00,--
12105,Vidarbha Express 1,NAGPUR,--,05:00
12105,Vidarbha Express 1,BHUBANESWAR,14:00,14:15
12105,Vidarbha Express 1,VISAKHAPATNAM,19:15,--
12107,Vidarbha Express 2,NAGPUR,--,09:00
12107,Vidarbha Express 2,BHUBANESWAR,18:00,18:15
12107,Vidarbha Express 2,VISAKHAPATNAM,23:15,--
12109,Vidarbha Express 3,NAGPUR,--,13:00
12109,Vidarbha Express 3,BHUBANESWAR,22:00,22:15
12109,Vidarbha Express 3,VISAKHAPATNAM,03:15,--
12111,Vidarbha Express 4,NAGPUR,--,17:00
12111,Vidarbha Express 4,BHUBANESWAR,02:00,02:15
12111,Vidarbha Express 4,VISAKHAPATNAM,07:15,--
12113,Vidarbha Express 5,NAGPUR,--,21:00
12113,Vidarbha Express 5,BHUBANESWAR,06:00,06:15
12113,Vidarbha Express 5,VISAKHAPATNAM,11:15,--
12115,Vidarbha Express 6,NAGPUR,--,01:00
12115,Vidarbha Express 6,BHUBANESWAR,10:00,10:15
12115,Vidarbha Express 6,VISAKHAPATNAM,15:15,--
102105,Vidarbha Express Ret 1,VISAKHAPATNAM,--,14:00
102105,Vidarbha Express Ret 1,BHUBANESWAR,19:00,19:15
102105,Vidarbha Express Ret 1,NAGPUR,04:15,--
102107,Vidarbha Express Ret 2,VISAKHAPATNAM,--,18:00
102107,Vidarbha Express Ret 2,BHUBANESWAR,23:00,23:15
102107,Vidarbha Express Ret 2,NAGPUR,08:15,--
102109,Vidarbha Express Ret 3,VISAKHAPATNAM,--,22:00
102109,Vidarbha Express Ret 3,BHUBANESWAR,03:00,03:15
102109,Vidarbha Express Ret 3,NAGPUR,12:15,--
102111,Vidarbha Express Ret 4,VISAKHAPATNAM,--,02:00
102111,Vidarbha Express Ret 4,BHUBANESWAR,07:00,07:15
102111,Vidarbha Express Ret 4,NAGPUR,16:15,--
102113,Vidarbha Express Ret 5,VISAKHAPATNAM,--,06:00
102113,Vidarbha Express Ret 5,BHUBANESWAR,11:00,11:15
102113,Vidarbha Express Ret 5,NAGPUR,20:15,--
102115,Vidarbha Express Ret 6,VISAKHAPATNAM,--,10:00
102115,Vidarbha Express Ret 6,BHUBANESWAR,15:00,15:15
102115,Vidarbha Express Ret 6,NAGPUR,00:15,--
12919,Malwa Express 1,INDORE,--,08:00
12919,Malwa Express 1,BHOPAL,10:30,10:45
12919,Malwa Express 1,NAGPUR,15:15,--
12921,Malwa Express 2,INDORE,--,12:00
12921,Malwa Express 2,BHOPAL,14:30,14:45
12921,Malwa Express 2,NAGPUR,19:15,--
12923,Malwa Express 3,INDORE,--,16:00
12923,Malwa Express 3,BHOPAL,18:30,18:45
12923,Malwa Express 3,NAGPUR,23:15,--
12925,Malwa Express 4,INDORE,--,20:00
12925,Malwa Express 4,BHOPAL,22:30,22:45
12925,Malwa Express 4,NAGPUR,03:15,--
12927,Malwa Express 5,INDORE,--,00:00
12927,Malwa Express 5,BHOPAL,02:30,02:45
12927,Malwa Express 5,NAGPUR,07:15,--
12929,Malwa Express 6,INDORE,--,04:00
12929,Malwa Express 6,BHOPAL,06:30,06:45
12929,Malwa Express 6,NAGPUR,11:15,--
102919,Malwa Express Ret 1,NAGPUR,--,17:00
102919,Malwa Express Ret 1,BHOPAL,21:30,21:45
102919,Malwa Express Ret 1,INDORE,00:15,--
102921,Malwa Express Ret 2,NAGPUR,--,21:00
102921,Malwa Express Ret 2,BHOPAL,01:30,01:45
102921,Malwa Express Ret 2,INDORE,04:15,--
102923,Malwa Express Ret 3,NAGPUR,--,01:00
102923,Malwa Express Ret 3,BHOPAL,05:30,05:45
102923,Malwa Express Ret 3,INDORE,08:15,--
102925,Malwa Express Ret 4,NAGPUR,--,05:00
102925,Malwa Express Ret 4,BHOPAL,09:30,09:45
102925,Malwa Express Ret 4,INDORE,12:15,--
102927,Malwa Express Ret 5,NAGPUR,--,09:00
102927,Malwa Express Ret 5,BHOPAL,13:30,13:45
102927,Malwa Express Ret 5,INDORE,16:15,--
102929,Malwa Express Ret 6,NAGPUR,--,13:00
102929,Malwa Express Ret 6,BHOPAL,17:30,17:45
102929,Malwa Express Ret 6,INDORE,20:15,--
14673,Amritsar Express 1,DELHI,--,06:00
14673,Amritsar Express 1,AMRITSAR,12:00,--
14675,Amritsar Express 2,DELHI,--,10:00
14675,Amritsar Express 2,AMRITSAR,16:00,--
14677,Amritsar Express 3,DELHI,--,14:00
14677,Amritsar Express 3,AMRITSAR,20:00,--
14679,Amritsar Express 4,DELHI,--,18:00
14679,Amritsar Express 4,AMRITSAR,00:00,--
14681,Amritsar Express 5,DELHI,--,22:00
14681,Amritsar Express 5,AMRITSAR,04:00,--
14683,Amritsar Express 6,DELHI,--,02:00
14683,Amritsar Express 6,AMRITSAR,08:00,--
104673,Amritsar Express Ret 1,AMRITSAR,--,15:00
104673,Amritsar Express Ret 1,DELHI,21:00,--
104675,Amritsar Express Ret 2,AMRITSAR,--,19:00
104675,Amritsar Express Ret 2,DELHI,01:00,--
104677,Amritsar Express Ret 3,AMRITSAR,--,23:00
104677,Amritsar Express Ret 3,DELHI,05:00,--
104679,Amritsar Express Ret 4,AMRITSAR,--,03:00
104679,Amritsar Express Ret 4,DELHI,09:00,--
104681,Amritsar Express Ret 5,AMRITSAR,--,07:00
104681,Amritsar Express Ret 5,DELHI,13:00,--
104683,Amritsar Express Ret 6,AMRITSAR,--,11:00
104683,Amritsar Express Ret 6,DELHI,17:00,--
12985,Pink City Express 1,DELHI,--,05:00
12985,Pink City Express 1,JAIPUR,10:00,--
12987,Pink City Express 2,DELHI,--,09:00
12987,Pink City Express 2,JAIPUR,14:00,--
12989,Pink City Express 3,DELHI,--,13:00
12989,Pink City Express 3,JAIPUR,18:00,--
12991,Pink City Express 4,DELHI,--,17:00
12991,Pink City Express 4,JAIPUR,22:00,--
12993,Pink City Express 5,DELHI,--,21:00
12993,Pink City Express 5,JAIPUR,02:00,--
12995,Pink City Express 6,DELHI,--,01:00
12995,Pink City Express 6,JAIPUR,06:00,--
102985,Pink City Express Ret 1,JAIPUR,--,14:00
102985,Pink City Express Ret 1,DELHI,19:00,--
102987,Pink City Express Ret 2,JAIPUR,--,18:00
102987,Pink City Express Ret 2,DELHI,23:00,--
102989,Pink City Express Ret 3,JAIPUR,--,22:00
102989,Pink City Express Ret 3,DELHI,03:00,--
102991,Pink City Express Ret 4,JAIPUR,--,02:00
102991,Pink City Express Ret 4,DELHI,07:00,--
102993,Pink City Express Ret 5,JAIPUR,--,06:00
102993,Pink City Express Ret 5,DELHI,11:00,--
102995,Pink City Express Ret 6,JAIPUR,--,10:00
102995,Pink City Express Ret 6,DELHI,15:00,--
12123,Deccan Queen 1,MUMBAI,--,08:00
12123,Deccan Queen 1,PUNE,11:30,--
12125,Deccan Queen 2,MUMBAI,--,12:00
12125,Deccan Queen 2,PUNE,15:30,--
12127,Deccan Queen 3,MUMBAI,--,16:00
12127,Deccan Queen 3,PUNE,19:30,--
12129,Deccan Queen 4,MUMBAI,--,20:00
12129,Deccan Queen 4,PUNE,23:30,--
12131,Deccan Queen 5,MUMBAI,--,00:00
12131,Deccan Queen 5,PUNE,03:30,--
12133,Deccan Queen 6,MUMBAI,--,04:00
12133,Deccan Queen 6,PUNE,07:30,--
102123,Deccan Queen Ret 1,PUNE,--,17:00
102123,Deccan Queen Ret 1,MUMBAI,20:30,--
102125,Deccan Queen Ret 2,PUNE,--,21:00
102125,Deccan Queen Ret 2,MUMBAI,00:30,--
102127,Deccan Queen Ret 3,PUNE,--,01:00
102127,Deccan Queen Ret 3,MUMBAI,04:30,--
102129,Deccan Queen Ret 4,PUNE,--,05:00
102129,Deccan Queen Ret 4,MUMBAI,08:30,--
102131,Deccan Queen Ret 5,PUNE,--,09:00
102131,Deccan Queen Ret 5,MUMBAI,12:30,--
102133,Deccan Queen Ret 6,PUNE,--,13:00
102133,Deccan Queen Ret 6,MUMBAI,16:30,--
15127,Kashi Vishwanath 1,VARANASI,--,05:00
15127,Kashi Vishwanath 1,RANCHI,11:00,11:10
15127,Kashi Vishwanath 1,BHUBANESWAR,15:40,--
15129,Kashi Vishwanath 2,VARANASI,--,09:48
15129,Kashi Vishwanath 2,RANCHI,15:48,15:58
15129,Kashi Vishwanath 2,BHUBANESWAR,20:28,--
15131,Kashi Vishwanath 3,VARANASI,--,14:36
15131,Kashi Vishwanath 3,RANCHI,20:36,20:46
15131,Kashi Vishwanath 3,BHUBANESWAR,01:16,--
15133,Kashi Vishwanath 4,VARANASI,--,19:24
15133,Kashi Vishwanath 4,RANCHI,01:24,01:34
15133,Kashi Vishwanath 4,BHUBANESWAR,06:04,--
15135,Kashi Vishwanath 5,VARANASI,--,00:12
15135,Kashi Vishwanath 5,RANCHI,06:12,06:22
15135,Kashi Vishwanath 5,BHUBANESWAR,10:52,--
105127,Kashi Vishwanath Ret 1,BHUBANESWAR,--,14:00
105127,Kashi Vishwanath Ret 1,RANCHI,18:30,18:40
105127,Kashi Vishwanath Ret 1,VARANASI,00:40,--
105129,Kashi Vishwanath Ret 2,BHUBANESWAR,--,18:48
105129,Kashi Vishwanath Ret 2,RANCHI,23:18,23:28
105129,Kashi Vishwanath Ret 2,VARANASI,05:28,--
105131,Kashi Vishwanath Ret 3,BHUBANESWAR,--,23:36
105131,Kashi Vishwanath Ret 3,RANCHI,04:06,04:16
105131,Kashi Vishwanath Ret 3,VARANASI,10:16,--
105133,Kashi Vishwanath Ret 4,BHUBANESWAR,--,04:24
105133,Kashi Vishwanath Ret 4,RANCHI,08:54,09:04
105133,Kashi Vishwanath Ret 4,VARANASI,15:04,--
105135,Kashi Vishwanath Ret 5,BHUBANESWAR,--,09:12
105135,Kashi Vishwanath Ret 5,RANCHI,13:42,13:52
105135,Kashi Vishwanath Ret 5,VARANASI,19:52,--
19713,Rajasthan Express 1,JAIPUR,--,07:00
19713,Rajasthan Express 1,INDORE,12:00,12:15
19713,Rajasthan Express 1,BHOPAL,14:45,--
19715,Rajasthan Express 2,JAIPUR,--,11:48
19715,Rajasthan Express 2,INDORE,16:48,17:03
19715,Rajasthan Express 2,BHOPAL,19:33,--
19717,Rajasthan Express 3,JAIPUR,--,16:36
19717,Rajasthan Express 3,INDORE,21:36,21:51
19717,Rajasthan Express 3,BHOPAL,00:21,--
19719,Rajasthan Express 4,JAIPUR,--,21:24
19719,Rajasthan Express 4,INDORE,02:24,02:39
19719,Rajasthan Express 4,BHOPAL,05:09,--
19721,Rajasthan Express 5,JAIPUR,--,02:12
19721,Rajasthan Express 5,INDORE,07:12,07:27
19721,Rajasthan Express 5,BHOPAL,09:57,--
109713,Rajasthan Express Ret 1,BHOPAL,--,16:00
109713,Rajasthan Express Ret 1,INDORE,18:30,18:45
109713,Rajasthan Express Ret 1,JAIPUR,23:45,--
109715,Rajasthan Express Ret 2,BHOPAL,--,20:48
109715,Rajasthan Express Ret 2,INDORE,23:18,23:33
109715,Rajasthan Express Ret 2,JAIPUR,04:33,--
109717,Rajasthan Express Ret 3,BHOPAL,--,01:36
109717,Rajasthan Express Ret 3,INDORE,04:06,04:21
109717,Rajasthan Express Ret 3,JAIPUR,09:21,--
109719,Rajasthan Express Ret 4,BHOPAL,--,06:24
109719,Rajasthan Express Ret 4,INDORE,08:54,09:09
109719,Rajasthan Express Ret 4,JAIPUR,14:09,--
109721,Rajasthan Express Ret 5,BHOPAL,--,11:12
109721,Rajasthan Express Ret 5,INDORE,13:42,13:57
109721,Rajasthan Express Ret 5,JAIPUR,18:57,--
11463,Narmada Express 1,AHMEDABAD,--,08:00
11463,Narmada Express 1,INDORE,11:30,11:45
11463,Narmada Express 1,BHOPAL,14:15,--
11465,Narmada Express 2,AHMEDABAD,--,12:48
11465,Narmada Express 2,INDORE,16:18,16:33
11465,Narmada Express 2,BHOPAL,19:03,--
11467,Narmada Express 3,AHMEDABAD,--,17:36
11467,Narmada Express 3,INDORE,21:06,21:21
11467,Narmada Express 3,BHOPAL,23:51,--
11469,Narmada Express 4,AHMEDABAD,--,22:24
11469,Narmada Express 4,INDORE,01:54,02:09
11469,Narmada Express 4,BHOPAL,04:39,--
11471,Narmada Express 5,AHMEDABAD,--,03:12
11471,Narmada Express 5,INDORE,06:42,06:57
11471,Narmada Express 5,BHOPAL,09:27,--
101463,Narmada Express Ret 1,BHOPAL,--,17:00
101463,Narmada Express Ret 1,INDORE,19:30,19:45
101463,Narmada Express Ret 1,AHMEDABAD,23:15,--
101465,Narmada Express Ret 2,BHOPAL,--,21:48
101465,Narmada Express Ret 2,INDORE,00:18,00:33
101465,Narmada Express Ret 2,AHMEDABAD,04:03,--
101467,Narmada Express Ret 3,BHOPAL,--,02:36
101467,Narmada Express Ret 3,INDORE,05:06,05:21
101467,Narmada Express Ret 3,AHMEDABAD,08:51,--
101469,Narmada Express Ret 4,BHOPAL,--,07:24
101469,Narmada Express Ret 4,INDORE,09:54,10:09
101469,Narmada Express Ret 4,AHMEDABAD,13:39,--
101471,Narmada Express Ret 5,BHOPAL,--,12:12
101471,Narmada Express Ret 5,INDORE,14:42,14:57
101471,Narmada Express Ret 5,AHMEDABAD,18:27,--
11009,Sinhagad Express 1,PUNE,--,07:00
11009,Sinhagad Express 1,NAGPUR,12:00,--
11011,Sinhagad Express 2,PUNE,--,11:48
11011,Sinhagad Express 2,NAGPUR,16:48,--
11013,Sinhagad Express 3,PUNE,--,16:36
11013,Sinhagad Express 3,NAGPUR,21:36,--
11015,Sinhagad Express 4,PUNE,--,21:24
11015,Sinhagad Express 4,NAGPUR,02:24,--
11017,Sinhagad Express 5,PUNE,--,02:12
11017,Sinhagad Express 5,NAGPUR,07:12,--
101009,Sinhagad Express Ret 1,NAGPUR,--,16:00
101009,Sinhagad Express Ret 1,PUNE,21:00,--
101011,Sinhagad Express Ret 2,NAGPUR,--,20:48
101011,Sinhagad Express Ret 2,PUNE,01:48,--
101013,Sinhagad Express Ret 3,NAGPUR,--,01:36
101013,Sinhagad Express Ret 3,PUNE,06:36,--
101015,Sinhagad Express Ret 4,NAGPUR,--,06:24
101015,Sinhagad Express Ret 4,PUNE,11:24,--
101017,Sinhagad Express Ret 5,NAGPUR,--,11:12
101017,Sinhagad Express Ret 5,PUNE,16:12,--
12727,Godavari Express 1,HYDERABAD,--,06:00
12727,Godavari Express 1,VISAKHAPATNAM,12:00,--
12729,Godavari Express 2,HYDERABAD,--,10:48
12729,Godavari Express 2,VISAKHAPATNAM,16:48,--
12731,Godavari Express 3,HYDERABAD,--,15:36
12731,Godavari Express 3,VISAKHAPATNAM,21:36,--
12733,Godavari Express 4,HYDERABAD,--,20:24
12733,Godavari Express 4,VISAKHAPATNAM,02:24,--
12735,Godavari Express 5,HYDERABAD,--,01:12
12735,Godavari Express 5,VISAKHAPATNAM,07:12,--
102727,Godavari Express Ret 1,VISAKHAPATNAM,--,15:00
102727,Godavari Express Ret 1,HYDERABAD,21:00,--
102729,Godavari Express Ret 2,VISAKHAPATNAM,--,19:48
102729,Godavari Express Ret 2,HYDERABAD,01:48,--
102731,Godavari Express Ret 3,VISAKHAPATNAM,--,00:36
102731,Godavari Express Ret 3,HYDERABAD,06:36,--
102733,Godavari Express Ret 4,VISAKHAPATNAM,--,05:24
102733,Godavari Express Ret 4,HYDERABAD,11:24,--
102735,Godavari Express Ret 5,VISAKHAPATNAM,--,10:12
102735,Godavari Express Ret 5,HYDERABAD,16:12,--
16650,Parasuram Express 1,BANGALORE,--,08:00
16650,Parasuram Express 1,KOCHI,16:00,--
16652,Parasuram Express 2,BANGALORE,--,12:48
16652,Parasuram Express 2,KOCHI,20:48,--
16654,Parasuram Express 3,BANGALORE,--,17:36
16654,Parasuram Express 3,KOCHI,01:36,--
16656,Parasuram Express 4,BANGALORE,--,22:24
16656,Parasuram Express 4,KOCHI,06:24,--
16658,Parasuram Express 5,BANGALORE,--,03:12
16658,Parasuram Express 5,KOCHI,11:12,--
106650,Parasuram Express Ret 1,KOCHI,--,17:00
106650,Parasuram Express Ret 1,BANGALORE,01:00,--
106652,Parasuram Express Ret 2,KOCHI,--,21:48
106652,Parasuram Express Ret 2,BANGALORE,05:48,--
106654,Parasuram Express Ret 3,KOCHI,--,02:36
106654,Parasuram Express Ret 3,BANGALORE,10:36,--
106656,Parasuram Express Ret 4,KOCHI,--,07:24
106656,Parasuram Express Ret 4,BANGALORE,15:24,--
106658,Parasuram Express Ret 5,KOCHI,--,12:12
106658,Parasuram Express Ret 5,BANGALORE,20:12,--
12637,Pandian Express 1,MADURAI,--,06:00
12637,Pandian Express 1,COIMBATORE,09:00,--
12639,Pandian Express 2,MADURAI,--,10:48
12639,Pandian Express 2,COIMBATORE,13:48,--
12641,Pandian Express 3,MADURAI,--,15:36
12641,Pandian Express 3,COIMBATORE,18:36,--
12643,Pandian Express 4,MADURAI,--,20:24
12643,Pandian Express 4,COIMBATORE,23:24,--
12645,Pandian Express 5,MADURAI,--,01:12
12645,Pandian Express 5,COIMBATORE,04:12,--
102637,Pandian Express Ret 1,COIMBATORE,--,15:00
102637,Pandian Express Ret 1,MADURAI,18:00,--
102639,Pandian Express Ret 2,COIMBATORE,--,19:48
102639,Pandian Express Ret 2,MADURAI,22:48,--
102641,Pandian Express Ret 3,COIMBATORE,--,00:36
102641,Pandian Express Ret 3,MADURAI,03:36,--
102643,Pandian Express Ret 4,COIMBATORE,--,05:24
102643,Pandian Express Ret 4,MADURAI,08:24,--
102645,Pandian Express Ret 5,COIMBATORE,--,10:12
102645,Pandian Express Ret 5,MADURAI,13:12,--
15961,Saraighat Express 1,PATNA,--,09:00
15961,Saraighat Express 1,GUWAHATI,19:00,--
15963,Saraighat Express 2,PATNA,--,13:48
15963,Saraighat Express 2,GUWAHATI,23:48,--
15965,Saraighat Express 3,PATNA,--,18:36
15965,Saraighat Express 3,GUWAHATI,04:36,--
15967,Saraighat Express 4,PATNA,--,23:24
15967,Saraighat Express 4,GUWAHATI,09:24,--
15969,Saraighat Express 5,PATNA,--,04:12
15969,Saraighat Express 5,GUWAHATI,14:12,--
105961,Saraighat Express Ret 1,GUWAHATI,--,18:00
105961,Saraighat Express Ret 1,PATNA,04:00,--
105963,Saraighat Express Ret 2,GUWAHATI,--,22:48
105963,Saraighat Express Ret 2,PATNA,08:48,--
105965,Saraighat Express Ret 3,GUWAHATI,--,03:36
105965,Saraighat Express Ret 3,PATNA,13:36,--
105967,Saraighat Express Ret 4,GUWAHATI,--,08:24
105967,Saraighat Express Ret 4,PATNA,18:24,--
105969,Saraighat Express Ret 5,GUWAHATI,--,13:12
105969,Saraighat Express Ret 5,PATNA,23:12,--
14095,Himalayan Queen 1,CHANDIGARH,--,05:00
14095,Himalayan Queen 1,LUCKNOW,12:00,--
14097,Himalayan Queen 2,CHANDIGARH,--,09:48
14097,Himalayan Queen 2,LUCKNOW,16:48,--
14099,Himalayan Queen 3,CHANDIGARH,--,14:36
14099,Himalayan Queen 3,LUCKNOW,21:36,--
14101,Himalayan Queen 4,CHANDIGARH,--,19:24
14101,Himalayan Queen 4,LUCKNOW,02:24,--
14103,Himalayan Queen 5,CHANDIGARH,--,00:12
14103,Himalayan Queen 5,LUCKNOW,07:12,--
104095,Himalayan Queen Ret 1,LUCKNOW,--,14:00
104095,Himalayan Queen Ret 1,CHANDIGARH,21:00,--
104097,Himalayan Queen Ret 2,LUCKNOW,--,18:48
104097,Himalayan Queen Ret 2,CHANDIGARH,01:48,--
104099,Himalayan Queen Ret 3,LUCKNOW,--,23:36
104099,Himalayan Queen Ret 3,CHANDIGARH,06:36,--
104101,Himalayan Queen Ret 4,LUCKNOW,--,04:24
104101,Himalayan Queen Ret 4,CHANDIGARH,11:24,--
104103,Himalayan Queen Ret 5,LUCKNOW,--,09:12
104103,Himalayan Queen Ret 5,CHANDIGARH,16:12,--
11093,Mahanagari Express 1,LUCKNOW,--,08:00
11093,Mahanagari Express 1,PATNA,14:00,14:15
11093,Mahanagari Express 1,RANCHI,18:15,--
11095,Mahanagari Express 2,LUCKNOW,--,12:48
11095,Mahanagari Express 2,PATNA,18:48,19:03
11095,Mahanagari Express 2,RANCHI,23:03,--
11097,Mahanagari Express 3,LUCKNOW,--,17:36
11097,Mahanagari Express 3,PATNA,23:36,23:51
11097,Mahanagari Express 3,RANCHI,03:51,--
11099,Mahanagari Express 4,LUCKNOW,--,22:24
11099,Mahanagari Express 4,PATNA,04:24,04:39
11099,Mahanagari Express 4,RANCHI,08:39,--
11101,Mahanagari Express 5,LUCKNOW,--,03:12
11101,Mahanagari Express 5,PATNA,09:12,09:27
11101,Mahanagari Express 5,RANCHI,13:27,--
101093,Mahanagari Express Ret 1,RANCHI,--,17:00
101093,Mahanagari Express Ret 1,PATNA,21:00,21:15
101093,Mahanagari Express Ret 1,LUCKNOW,03:15,--
101095,Mahanagari Express Ret 2,RANCHI,--,21:48
101095,Mahanagari Express Ret 2,PATNA,01:48,02:03
101095,Mahanagari Express Ret 2,LUCKNOW,08:03,--
101097,Mahanagari Express Ret 3,RANCHI,--,02:36
101097,Mahanagari Express Ret 3,PATNA,06:36,06:51
101097,Mahanagari Express Ret 3,LUCKNOW,12:51,--
101099,Mahanagari Express Ret 4,RANCHI,--,07:24
101099,Mahanagari Express Ret 4,PATNA,11:24,11:39
101099,Mahanagari Express Ret 4,LUCKNOW,17:39,--
101101,Mahanagari Express Ret 5,RANCHI,--,12:12
101101,Mahanagari Express Ret 5,PATNA,16:12,16:27
101101,Mahanagari Express Ret 5,LUCKNOW,22:27,--
